<application>
  <component name="MaterialThemeConfig">
    <option name="allowDataCollection" value="true" />
    <option name="compactDropdowns" value="true" />
    <option name="compactSidebar" value="true" />
    <option name="darkTitleBar" value="true" />
    <option name="isCompactStatusBar" value="true" />
    <option name="isCompactTables" value="true" />
    <option name="isWizardShown" value="true" />
    <option name="settingsSelectedTab" value="6" />
    <option name="accentColor" value="80cbc4" />
    <option name="highlightColor" value="80cbc4" />
    <option name="selectedTheme" value="DARKER" />
    <option name="userId" value="4c414241:16469769ce9:-8000" />
    <option name="version" value="3.0.0-rc4" />
  </component>
</application>