<code_scheme name="Default" version="173">
  <JSCodeStyleSettings>
    <option name="INDENT_CHAINED_CALLS" value="false" />
  </JSCodeStyleSettings>
  <PHPCodeStyleSettings>
    <option name="VARIABLE_NAMING_STYLE" value="SNAKE_CASE" />
  </PHPCodeStyleSettings>
  <codeStyleSettings language="JavaScript">
    <indentOptions>
      <option name="INDENT_SIZE" value="2" />
      <option name="CONTINUATION_INDENT_SIZE" value="2" />
      <option name="TAB_SIZE" value="2" />
    </indentOptions>
  </codeStyleSettings>
  <codeStyleSettings language="Twig">
    <indentOptions>
      <option name="INDENT_SIZE" value="2" />
      <option name="CONTINUATION_INDENT_SIZE" value="4" />
      <option name="TAB_SIZE" value="2" />
    </indentOptions>
  </codeStyleSettings>
</code_scheme>